primer_index	ReferenceName	n_frags	CDS_length	ReferenceSequence
ind_0001	PK23416.1	7	1123	AATGCGGTCTCTAATGAATACATTTTCACATGTACCACCGGGTTTCAGATTCCATCCCACAGATGAGGAACTTGTGGATTATTACCTCAGAAAAAAGATTGCTTCTAAAAGAATAGATCTCGATGTTATCAAAGATGTTGATCTTTACAAGATTGAGCCATGGGATCTTCAAGAATTGTGCAAATTAGGAAGTGAAGAGCAAAATGAATGGTACTTTTTTAGCCACAAAGATAAGAAATACCCAACGGGAACAAGGACAAATAGAGCTACGAAGGCAGGGTTCTGGAAAGCAACAGGAAGAGACAAGGCCATATATGCGAGGCACAGCCTGATTGGGATGAGAAAGACTTTGGTGTTTTATAAAGGCCGAGCTCCTAATGGTCAGAAGTCTGACTGGATCATGCATGAGTATCGACTTGAGACAAACGAAAATGGAACTTCTCAGGAAGAAGGATGGGTTGTGTGTAGGGTTTTCAAGAAGAGAATGGCCACCGTGAGAAAAGCCGGCGACTATGATTCTCCACCGTGTTGGTACGATGATCAAGTCTCCTTCATGCCAACGGAGCTCGAATCGCCAATGAGATCAGTCTCTCATCACAATCATCATCATAATCATCAAGCATACACCTCTTCATTCCACCAAAATCACTACCCTAATAACAATTGCAAACAAGAGTTGGAGCTTCATCAGTTCAACATGCCTAGGGCAACCTTAGTAGGAGATCCATTTTTCCAACTCCCTCAGCTAGAGAGCCCCAAGCTCCCCAGTACTAGCACTACTACTCATGCGGAAGATCATCAATCCTGTTTGATGATGATGAGTAATGGATCTGTGTTTAGCAACGAATTACAAGCTGTTGATCAACTCATGATGATGACTAATAATGCTTCTAATAATAACAATAATAATGGGAGTAGTACTACGGATTGGAGGGTTCTTGATAAGCTTGTTGCTTCTCAACTCGGCCATCATGATGAAGATCAACAACTAACAACTGCTGCTGCTGCAGGTGCGGGTGCACCGGTCTTCCATGTGCCTCATCAACTGGTGATCAACAATTTGCTGGGCGGTGATGGTGATGATCATCTTGAACAACGACTACTGTAGGCTTAGAGACCGCTT
ind_0002	PK06492.1	4	562	AATGCGGTCTCTAATGGGTTCGTCGAGTGGAAACTCGTCCCAGGGGTCAGAGGAAGATTTGAAGGTTTTAAAAGATGATGATGGAGAGGAGATGAGGAAAAGGAAACGAATGGAATCGAATCGGGAATCGGCGAGGCGTTCACGGCAGCGAAAGCAGAAACAATTGGAGGAGTTAATGGGTGAAGTGGGTAAGCTTCGAAAGGAAAACAACCAAATCATGACAACCATAAGCATCACCACCCAACACTTGATGACCATCGACGCCCACAACTCAGTCTTGCGAGCCCAAATGGTGGAACTCAACCACACCCTCCACTCCCTAAACGACATCATAAACCACATCAATAATAATAATAATAATAATAATAATAGTAACAGTAGCAACAGTCACAGTAATAATAATAGTCTTCTTCATGATCAAACCACGAATGAATTGTATGAATGTGATCCTCATCATAGTTTTATGATGGACCAAATGAATATGCTGCTTCGTCTTAACCATCCCATGCTGGTGGCGGCCACTACTCCTGATATGTTGTTTTATTAAGCTTAGAGACCGCTT
ind_0003	PK07026.2	10	1759	AATGCGGTCTCTAATGGACTCCCACCAGCTATTTGGTATCAGTGTAACTGGTGCGGCTCTTCCCTACACAACTTCTCATCCCACAACTGTGCCATCATTGCCCAACAGACTACTCGGATCGCTGAAATTCGACATTGGAAACTCGCCTTCTTCGCCCTTTTCTACTAATTTCGATTCAGATAACTCCCTCACCACGTTGAGCGATAGCCAAGAGCAGTACAGCTCCACGGAGAACAATCTATCGGGAGTTAGTACTCCTCCTTGCAATTCTCCACTTGACACCAACAGTTACTGCCTCTATCCTTGTGGGAAGTCCCTATTGCAGAATGCAAATTCTAGCCAGAACTTCAAACACGCTTTGCTTGAGCTAGAGACTGCTTTAATGGGCCCTGACGATGATGTTGATGAACACCGGCTAACTAGACGGAAACCTTCGCATGTGGAAGGTCCCTCTGAACAGTCATGGAAAGCTGAGAGGCCGAGAGGACAACAGCCAGGCCTAACTCAGCGCCAGACATTTCTTGCCTCTCGGCCAAGGCAGCCTGTTGAAGTTGCCCGAACTGAAAAGCGTCACAAATTAATGGAGGAAGACTCTTTGCATCAGCAGGGCTTGCCATCCCTGGATAATCTGAAGAACCTCCTGATTGCCTGCGCCAAATCTCTGGCTGAAAATGATATCGAAACATTTGACAAACAAATCGGAAAAGCCCGTGCTATCGTCAGTATTAGTGGGGAGCCAATCCAGCGCCTTGGAGCATACATGGTTGAAGGAATGGTGGCTAGGAAAGAGGCATCAGGGACCAACATATACAGAGCACTCAGATGCAGAGAGCCAGAAAGCAAAGAGTTACTTTCCTATATGCAAATTCTCTATGAAATCTGTCCTTACTTGAAATTTGGTTACATGGCAGCTAATGGAGCCATAGCTGAAGCTTGTAGAAACGAAGATAGAATTCATATTGTTGACTTTCAGATAGCTCAAGGCACACAATGGTTGACGCTGCTCCAAGCTCTGGCGGCTAGACCAGATGGCCCTCCACACGTGAGAATTACAGGCATAGATGATCCTGTAAACCATTATGCCAGAGGCGATGGACTAGAGGCTGTGGGAAAAAGACTAGTGGCTATCTCACAAGACTTCAAAATCCCAGTTGAGTTCAACGCAGTGCCTGTTTTTGCACCTGATGTAACCCGAGAAATGCTCGATATCCGGCCTGGCGAGGCCTTGGCTGTTAACTTCCCACTCCAACTCCACCACACTCCGGACGAAAGTGTTGACGTTACCAATCCTAGAGATGGGCTTCTGAGAATGGTGAAGTCTCTCTACCCAAAAGTTGTGACTTTGGTGGAGCAAGAGTCGAACACCAACACAACACCTTTTTTCCACAGATTCGTGGAGGCTATGGACTTTTACTTGGCGATGTTTGAGTCCATAGACGTGACACTTCCAAGAGACTCAAAGTATAGGATCAGTGTTGAGCAGCATTGTCTGGCGAGGGACATAGTGAACGTGGTGGCTTGTGAAGGCAGGGAAAGAGTTGAACGACATGAGCTGTTGGGAAAATGGAAGTCAAGGTTGACCATGGCGGGTTTTAAGCAATACCCTTTGAGCTCTTATGTCAACTCTGTCATAAGAAGCCTTCTGAGGTGTTATTCTGAGCATTATACATTGGCAGAGAAAGATGGGGCTATGCTTTTGGGGTGGAAAGATAGAAACTTGATCTCGGCTTCTGCTTGGCACTGAGCTTAGAGACCGCTT
ind_0004	PK01153.1	5	817	AATGCGGTCTCTAATGAAGGGTGGGGATCGAATTAAGGGTTCGTGGAGCCCACAAGAAGATGAGACTCTGAAAAAGCTAGTGGAACAACATGGCCCACGAAACTGGTCCGTAATAAGCACAGGCATAATTGGTCGCTCCGGTAAATCTTGCCGATTGAGGTGGTGTAATCAGCTGTGCCCGAGTGTACAGCACCGTCCTTTTACGCCAGAAGAAGATTCCATGATCATCCAGGCCCACGCAGCCCACGGAAACAAGTGGGCCACCATAGCCAGACTCCTCCCAGGCCGTACAGACAACGCCATCAAGAACCACTGGAACTCCACTCTCCGCCGAGGCCGCCGCGCCGGAGATAAGTTCTCCTCCTCCTCCTTTACGTCTGATTCTGATTCCGTTTTTCCGAAGGCCCTGTCAGTTGGAGGATCGGAATCTTCTGAGTCGGAACCTGAGCCGGCGATGAAGCGGCAGTGCTTGTTGCGATCTTCGCCGTTGGAGAGCAATAATGTTATCAATAGCGAAGGAGTGGGTGGGATCGTGACCTCGCTTACGCTATCGCCGCCGGGGGAGAGCTCGGTGTCGGCGACGGAGGTTAAGTTAAACAACGTTGTTTTGAAGAGGGAGGAGGAGTCGCTGATGTTCGCGGCGAGTGGTGGTCATCGGGAGAGGTGTACGGCGAAGATCGGAGAAACGTGTTGGATTACAGATATTCAGCGAATGATTTCTAAAGAGGTGAAGAATTACATTGATACTTTACGGGCCCAAGATGGGCTTGCAATTGGGCTTCAGGCCTCGGTTGAAAAAAGAGCTTAGAGACCGCTT
ind_0005	PK15705.1	5	898	AATGCGGTCTCTAATGAATAAGTCATCAAAACGATCCAAGCTCTCCGATTCTCCATCTCCGCCGCCATTTTTGGACCCTCCGACTCGTCGACTCACTAACGAACAAGAGCTTTCCATTATAGTCTCTGCTCTTCGAAACGTTGTCTCCGGCACAGCCTCAGAAGCTCCTTTTGATTTCAACAACACAGATGATCAGTACTTTCAACAATTCCATGGGGATGCGAATTTGATTGGACCTTCCGATTTCGACACGTGTCAGGTTTGTAAGATCCAAGGGTGTCTCGGGTGTAATTTTTTCCCGCCTTCACAAGATGAAATCACGATCAGTAAGAGTAATGGTAATAATAAGAAGAAAGCTATTCCGAAAAAGAGGGTGAAGAAAAATTACAGAGGAGTTAGACAACGACCTTGGGGAAAATGGGCGGCTGAGATTCGAGATCCGAGAAAAGCTAGTCGGGTTTGGTTAGGGACTTTCAATACAGCTGAAGATGCAGCTCGAGCCTATGATAAAGCCGCCATTGAATTTCGTGGACCACGAGCTAAGCTTAATTTTCCATTTCCAGATAATTCTTTGCTTGATCAGAACGTAAATTCTCAGCCAGAATTACCAGAACAGAGTAACACTGCAACTACAACGACAACGACATCGACATCGGCATCACCGCCAATCTCATTTCATCAAAACAATATTAATGTAATAAACTATGAGAATCATCAACGAAGCGATGACGCGGGAATCGGATCAATAGAAAATGAATTCTTCTCATTTGGTGATAATGATGATGATGACGAACTTCAGAAATGGATGACAACTATGATGGATTGTACGGCCGATCATAATTCATCGGATTCAGGGAATGGTTCTGGACTTTTTCATTATTAGGCTTAGAGACCGCTT
ind_0006	PK23084.1	4	724	AATGCGGTCTCTAATGGATGATGATGTAGTAGTAAACCCTAGTTCATCATCAAGAACAAATATTAATAATAATGGTCATGACAGGAAAATCACTGAGAGAAACAGAAGAAATCAAATGAAGATTCTCTACTCCAACCTCAACTCTCTTCTTCCTCCTCATAATAATAATTCTCAACAACAACAACAACAACAACAACAACAACAAACCAAAAGGGATAGTAGTGTGAGTAGTACATCTTTGCCAGATCAGCTAGATGAAGCTGCAAAGTACATAAAGAAGTTGCAAATAAGCATAGAGAGAATGAAAGAGAAGAGGAATAGTCTATTAATTGATCATAATCATAATCATAATCATAATTATGATTATGATCATAGTAATGGTAATGGTAATGGTAATAATGGTGATGGTGATGATATGAAATTACCTCATATTGAGATTCATGAGATGGGTTTGGCTGTTGAGATTGTTCTGATAACTGGGTTGGATTTCAAATCTCTCTTCTACCAAACAATTCGTATTCTTCACGAGGAAGGATTTGACATTCTCAATGCCAGTTTCTACGTCAGTCAAAACACTGTTTTCCACACAATACATTCTCAGAAGGGAGAGTTTGCTTCTGCTACTGTTGGTGCTTCTTCAAGGATATCTGAGAGGCTAAACAACTTCATTAATGAAGCCATTACTAATAATAATAATTATAATCATTAAGCTTAGAGACCGCTT
ind_0007	PK01035.1	9	1546	AATGCGGTCTCTAATGGAGGCGCGTCCTACTTTATCCATTTCAAGGTCTGGTGCAAAGCAGCTCACTAATATAGGGGTAACTGGAGCGCTGTCGTCGCCTTTGCCTGTGCTTCCAACCCATTTCGAAGAGTCATATCCCAAGTTACCTGACTCTCAACAAATCTCAATGGGAAGAGAACTTATGACAACAAGTCCTCTTACTCATGGAGGTGTTCGTGTATCCTCTAACAGCGGAGTAATGGGTCACATATTCTCAACTTCTTCAGGATTGTCATCCGATCTTCACTATTCATCAGTGTCACTTTCACCTCGAAAGATTCAGTCTAGAAATACCCCCTTTATGTCTCAATCCTCAACTAATGGGGTATCTTTCCCGGTATCGCAATCCTCTCATTCAGCCCTGCCTCAGTCTACTATGTCAAGTCCTTATGGCAAAGAAACCAGTGCTTCATGGTGTACAGATTCTGTTTCGGATTTTCTTGATTTCTCTGTAAATACCCCTGTCGAGAATACTCAAGTAGAAAGCAGTAGCTGTAGTGGTATCATTGTATCAGAAGAATTTGGCAAGCGCAATGATTGGCAGGACTGGGCTGATCAGCTTATTACTGATGATGCTGCTGCTTTAACTTCGAATTGGGATGAACTCCTTGCTGATACCAATGTAACCGATATTGACCCAAAGATGGCATATCAAGTATCGACACCATCTTCGAATATTCAGGCTCAGCAGTCCCAAGTTCTTCAGCAGCTTCCCGCTCCATCTGGAGAAATTCAGGCAGTGGCTACTCCATCTGGAGAGATTCAGACAGTTTCTACTCCATTTAGTTCGGCTAATAATGCTGCAGCCAAGCCTCGTATGCGATGGACACCAGAACTTCACGAGGCTTTCGTGGAGGCTGTCAACCAACTCGGTGGCAGTGAACGAGCAACACCTAAGGGTGTCTTAAAGCTCATGAAAGTTGAAGGTTTGACTATCTATCATGTCAAAAGCCACTTGCAGAAGTATAGGACAGCTCGATATAGACCTGAATCATCAGAAGGGACATCAGAGAAGAAATTGACTCCCATTGAAGATATTTCATCTCTTGATTTGAAAACGGGTATTGAGATCACTGAAGCTCTACGGATGCAAATGGAAGTGCAGAAGCGGCTGCATGAACAGCTTGAGATACAAAGGAACCTGCAGTTGCGAATAGAAGAGCAAGGGCGGTACCTTCAAATGATGTTCGAGAAACAATGCAAGTCGGGTATGGACAAGTTAAAGGCTTCATCATCTTCTTTGGAGAATCCCTCTCCTGATGCAATTCCAGATTCCTCATTAAAAGGTGAACTTGAAGCATCGGGGAAAGACAACGACGGGAAAACTAAAACTGATCCAACCAATGCTAAAGCTATCTCGGAAGAAGGTTCCGACGAGCTTGGCAAGCAGCAGAAAGAGACACCTCAAGAAAATAAAGCTTCTGATGATCTTGGGCAAGATGCAAGCGGGGCCGGCTCCCAACCCTCGAAGCGTCCGAGAACAAGTGAATAAGCTTAGAGACCGCTT
ind_0008	PK19779.1	7	1156	AATGCGGTCTCTAATGCAGTGTTCATCAGGTATGGGGTTCGAAGAATATATCGAAGCATTAGAGGTAGAAAGGAAGAAAATTCAAGTATTTCAGAGAGAACTTCCTTTGTGTTTGGAGCTAGTGAACCAAACCATTGATAGATGTAAGCAACAATTATCAGGGACGACGACTACCGAATACGTACATGGACAATCAGAGTGTTCAGAACAAACCTCAAGCGAAGGACATCATGTATTTGAAGAGTTTATGCCTTTAAAAAGAAGCTCATCTTCTGATAATGAAGAAGAAGAGGAAAAAGAAGAACAATCACCTAAGCGTCAGACCACAGAAAAGGATAATAAAAAGAAATCAGATTGGCTTAGATCTGTACAGTTGTGGAACACAACTCCAGATCCAGTTTCGCCACAAAAAGAGGAGCAGTTGCCTAAAAAAGCTTCGGTTACGGAGGTAAAGAGTAATGGTGGTGCTTTTCAACCTTTTCAAAGAGAAAAAAATGTTGTGAAACCAAATGGGTCGTCTTCGTCAGCATGTACGACGACGAATCCGGTAGCTTCTGCTCCGGCGACGAGTTCAAACGCCGGCGGTGGAAGTAACAAAAGAGAAGAAGATAAAGATGGGCAGAATCAGAGAAAGCAGAGGCGAAACTGGTCCCCAGAATTGCATAAGAGATTCTTGAATGCCCTTCAACAACTTGGTGGTTCTCATGCTGCTACTCCAAAACAAATCAGGGAGTTGATGAAGGTCGATGGACTTACCAATGATGAAGTCAAAAGCCATTTACAGAAATATCGTTTGCACACTAGAAGACCAACCCCAGCAATACACAACAATGGCAATGCACAAACACCCCAAGTAGTGTTTGTTGGTGGCATATGGATGCAGCCGTCTGAATATGCAGCCACCGTAGGTGGAAACGGCGATTCACCGAGTGCGGTGGCCGCCAATGGAATCTATGCTCCGGTGGCGGCCCCGGCCCACCACGTGGCAGCAGTCCATAGGCAATCATCCGAAAACTCTCATAATAACTCAGAAGAGAGGAGGATGAGCCATAATAGCCATAGTGAAGGAGGTGTTCATTCCAATAATTCCCCATCTACCTCATCTTCCACCCATACGACAACAACTTCTCCTGCGTTTTGAGCTTAGAGACCGCTT
ind_0009	PK03912.1	4	607	AATGCGGTCTCTAATGGAGAGTGGAGATCAATTTCCTTCATTTCAACACTCTCTTATTCCTATTTCAAAGAAGAAAAAGAATAACAATAGTAATAATCAAAGGAGATTTAGTGATGAGCAAATTAAGCAATTGGAATCCATATTCGAATCGGAGACTAAACTCGAGCCAAAGAAGAAGATTCAGTTGGCTAGAGAGCTTGGTTTGCAGCCTAAACAAGTTGCCATATGGTTTCAAAATCGAAGAGCAAGATGGAAATCGAAACAAATTGAACAAGATTTTAAAAATCTTAGAGCTGAGTATGACAATTTGGTATCTCAATTTGATTCCTTAAAACAAGAGAAAGACTCCTTAGTTTTACAGTTGCAAAGGTTGAAAGATCTTCTCTTATCAAAAACTAATGAAATGAAAAAGGACAAGAGATTGGATGAAAAAGAAGAAGAAGAAAATAAGTATCGAAACACCAATTCGAAAAATGAAGCAGAAACAAGATTTGAAGACAGAGGCGTACTAATGGCAACAACAAGCAATTATATTGAGGATTTGGAACAACAAGGATATGAAAATTTAGATTCATTATCACTTGAAAATTGGGCTTAGAGACCGCTT
ind_0010	PK02496.1	17	3118	AATGCGGTCTCTAATGAACGCCTTGAAGGAAGATTTTTTGGAGATACAGATCGGCACCTCAGCCGACTCGTTAGCGAAGTCATTGGACTCGCAGAGAGAGCTATTCCATAGCCAGGTCGATCAGCTTCAAAGAATCGTTGTAACTCAATGCAAACTCACTGGCGCAAATCCACTATCCCAAGAAATGGCAGCTGGTGCACTTTCAATACAAATTGGAAAAAGGCCTAGAGATTTACTAAATCCCAAGGCTGTTAAGTATATGCAGTCTGTTTTTTCTGTTAAAGATGCAGTTAGTAAGAAAGAATGTCGTGAGATCTGTGCTCTATATGGTGTCACTGTCACTCAGGTTCGTGAATTTTTTGCCAGTCAGCGTTCAAGAGTCAGAAGATTAGTTCGGTTGTCGAGGGAGAAAGCCACTAAATCTAATTCATGTGCAGAACTGAATGATGGAGTTCATGCAATCTCTGATCCTTTACTACCTTTTCAACCAATTCCCTTAAACACCATTGCTCCCACCGGTATAGAAGAAACACCATCTTGCTCAACAGAAGATGATGTTCTACCCGGCATAGATGGCTTAGATAAGCAATTTGTTGAGAATATTTTCAGTTGGATGCGGAAAGAAGAAACATATTCTGGGCAAGTGAAGCTGATGGAGTGGATTTTGCAGATGAAAAATTCTGCAGTATTATGTTGGTTTTTAAGTAAAGGTGGCATGATGATAATAGCATCATGGTTAAGTCAAGCAGCTGAGGAAGAACAAACAAGCATTTTGCTAGTGATTTTAAATGTTCTTTGTCATTTGCCTCTTCATAAAGCTCTTCCTGCACATATGTCAGCTATACTGCAAAGTGTAAACAGATTGCGATTTTACAGGACATCAGACATATCAAACAGGGCAAGAGTTTTGTTATCAAAATGGAGCAAGTTATTGGCAAGAAGTGAAGCCTTGAAGAAACCGAATGGCTTAAAATCTTCTGTTGATGCACAGCAGCAGATGATGCTTAAGCAGAGTTTAAGCGATGTTATGGGAGATGATTCATGGCAGTCCAGTATTGATACTCCTGAAAACCTTCTTGATAGTTCAGAAAATGTCAGGAAATTTGAACAATCTGTGAAACTATTGCCAGCGTCTTCAGATGATCCAAATAAGAAGCACATTCTTGGTTTATCTTCATCCCAATTTAGAGAACGCAGAAAGGTTCAGTTGGTAGAACAACCTGGCAATAGAGCTGCTGGAAGAAGTCCACAGACTACTAGAGCAGCACCATTGAATCAGGAGAGGCCAATGTCTGCTGATGATATCCAGAAAGCAAAAATGCGAGCACAATATTTGCAAAGCAAATATGTGAAAGCGAATTCATCTCATGAAAACAAAGAAGCGAAGACTGAAGGGCTTAACAAACCTTCAACTTCTCAGGTCAGCAATGTGCCTACAGCTTCTAAAGTTGTAGTTCGACCTGATATAGATGAACACAAAAAACCTACAATAACTCCCCTAAAAGTTCCCAACACACTGGAAGCTTCCTTGGAGTCAAAGCCGATAATAGATTTGAAAGAGTCCGTGTGGGAGAAGTGTAAGAGAGTCCAGATCTTGTGGAAGACACCTCCAGAAGTAAAACTCGATCATCAATGGAGGGTCGGTGCTGGCGATAATAGTAAAGAAGCAGAATTCCAAAGAAACAGGAACCGTCGTGAGAAGGAAACCTTTTATCAGACAAACCAGGAGATACCATTGAACCCGAAGGAACCATGGGATCAGGAGATGGACTATGATGACAGTTTGACCCTTGAAATTCCAATAGAGCAGATGCCTGAACCCAATGGGGGCAGCAATGCAGAGGCGCTTGTTTCACCTAAGCATGATGTAGATAGTGCAATAACACAGATTCTTGACAGTCAAAGAGCAAATGGTTCTGTTCCGTTGGCAGCACCTGAAACCTCGCAGAGTGGTAATGCTAGCACGGCTGAGCCAGATCTAGAGTTGCTTGCTGTGCTACTTAAAAATCCAGAATTGGTATTTGCTTTGACATCAGGGCAAGCTGCTAACTTATCAAGCGAGGAAACAGTGAAACTGCTTGATATGATTAAAGCTGGTAACACTAGTAGTAACAATGGAATAAATAGAAAAGTGGAAGAGAAGGTCGAAGTTTCTCTTCCATCTCCAACACCTTCAACCAACCCTGGAACGAGTGGATGGAGGCCAGAAGGAGTCAGGAATCCATTTTCACGGGCTACGTTGCCTAAGGGAGTGGGTGAGAGTCCCCCACCCCTGGCAATGGCCACTGCTAATTCAGTGCTGCCATCACATATGTTAGCGCCTCACAATCTGCCAGTAATTTCTTCATATTCACTGTCTCAAGTAACTAGCACGGTGCATGAAAAATACTCCACCTCCATAGGTTCATCTCTACATCATCAACTCCCTTTAACTAGCTCCCCAATTGTACATACGCATTTACCCCAGGTCACTGGACCCATGTATAATTTACATTCTCAAGATTTGTCTTCACTACGGCATGAATCCACAACTAACACCAAATCACAAGCATCAATGTCAAATAACATGTATAATGTAGAGGAAAGACGACACCATTCTTTCCCAACCCCATTGTTGCCAGCAGCACCATCATCGCGACCTATGCTACAGCATATGCATATGCAGCAGCAGCAGCAACATTATCAACCACAACATCAGCAACAACATTATCAACCCCAACAACATTATGCTGAGCCTTCCCCTTCCCCTTCGCCTTCTGCGCCTATATACTCCAAACAAATTGGAAAATTGAGTAATGTGCCTGATTCGTGGAGGCCTAGACAGAATTTACCATCAAATTACAACCCTACAGTGAACCAAAACAATAGTAACTATCATCGTGGATCATATGGGGAGGAAGATGAGTTTGAGTCATGGAGTCCAGATAATAGCCCATCTAGAAATTCCGAGTATAGTGGGTTAGGAAGAAGTTTTCCTGAACCCAGAATGGATCCAGGACGCGGATATTGGCCTACTGATCAGTCGAGGGTGAGGAGTTCTCCTGGATACAGGGATAGTAATAGACATGGGAACAAAAGGTGGCGTGACCAACGGAGAAGGTGAGCTTAGAGACCGCTT
ind_0011	PK00315.1	7	1132	AATGCGGTCTCTAATGGAGATGCAAGATCCGTCCAAACCGGATCTTGGTCCCAACCCGAAACCCGAGAACAAGCCCTTCCGTTCTCTGACAACGACTACGATGATCATGATGTCGAATCCAACTCCGCCCTTCCCGGCTCGTGGATCCTATCACCGGAGATCCCAATCGGAGGTCCAATTCCGGATTCCCGACGACTTGGATCTGCTTTCGGATCCTTTTGACGGACCTTCCGGTAGCTTTGAGGAGCTTGGATCCGAGGACGATTTGTTTTGTACGTATATGGACATTGAGAAGTTCGGATCCAAACTCGATGATGGACCCTCCGGCCACAAAAACGACAATGTAGGCGGTGGTGATGGTGGAGGAGATGAAGAGAAGCATGCCAGGCCCAGGCACCGGCATAGCAATTCGGTGGATGGGTCTTCGTCTTTGGACACGATTGAAGCTAAGAAAGCTATGGCTCCTGATAAGCTTGCCGAATTATGGACCATTGATCCCAAGCGAGCTAAGAGGATTTTGGCAAACAGGCAGTCTGCTGCCCGTTCCAAAGAGAGAAAGGCCCGTTACATAACTGAGCTGGAGAGAAAAGTTCAAACCCTTCAAACAGAAGCAACGACTCTATCTGCCCAACTGACTCTTTTCCAGAGGGATACAACTGGTCTAAGTGGTGAAAACACAGACCTTAAGCTTCGACTACAAGCTATGGAACAACAAGCTCAGTTGCGTGATGCTCTAAACGATGCGTTGAAGAAAGAAGTTGAGAGGCTCAAGATGGCCACCGGAGAGATGATGACACCTACCGATACTTACAACTTTGGAATGCATCATATTCCATACAACCAATCTTCCTTCTTCTCAAATCAGCCCCAATCTGGGCCAGGTGACCCTCGTAACATTCAAATGCAACATTTTAATCATTTCCAGTCTAATGTGACCCCTACACATCAGCCTATGCATGCCACACATGCTTCCTCAGAGATGTTGCAGCTTGATCATATTGGCCGGATGCAGGGGCTTGATATCAGCAGCAGCAACAACAGTAACGGCAGAGGCTCTCGTCTTGTGAAGCCCGAAGGGCCCTCTATTTCCCCTAGTGAAAGCAGCAACCGATTTTAAGCTTAGAGACCGCTT
ind_0012	PK07467.1	13	2269	AATGCGGTCTCTAATGGATCCAAGTTTCAGCGACTTCTCAGATTTCACAAACAGTTTCGAAATAGAAAACTGGACCAGTATACCCAATTCGAATGACTACTCGGTAATTTCAGACGAATACACAGTAAACCAATACTCTTCAGAGTTTGATTTCGTTGATGATTACCCAAACCTTTTTACTCCACCTGATCCTGATCCCGGTAATTTCATGCCCTCCATTAACTTGCCCTCTTTAGAAGATCCATCTTTTCCCTCCACAACACTGAGCCCAGATGGAAACTCTTATACTCCTCCCTTAAGTGTGAACCCCGGAAGTGACTCCCCCAATGATGAAAGTGAGTTCTCAATATATGTACTCAAGTTCATAAACCAGATCCTCATGGAAGAAAACATGGAGCAGGAGACAAACACGCTCAATGATCCATTGGGTCTTCAAGTCACTGAGAAATCATTCTATGATGTTCTTGGTGAGAGTTATCCTTATCCAGCCAATCAGTCTCCTACAGATAAAAAAGCTGAGACACCAGATAGCAATTTTTCAGTAAGCTCTAGCGACTATGGCAGTAATAGTCATGATGCTAACAGCCCTCAATTGCTTAGTGATCTAGGAGATCATAACTCTTCATTGCAGTCCTTTGTTCCTGGTGAAAACAATTTTCAGTTTGATTTGGCTACAGCTCAGAAATTTTTTAGGGACAGTGATTCAGTCTCCCAGTTTCAGAGAGGTTTTGAGGAAGCAAGTAAGTTCCTCCCTAAAGGTAATCAGCTCATCATTGATCTGGAAAGCAATGGATTTTCATCCCAATTGAAGACAGATGATGCAGTTGTAAAAATTGAGAGTGAAAGCCCGCCTAACGGGTTGCGGGGGAGGAAAAATCATGAGAGGGAAGATGATGATTCAGAAGAAGAGAGAAGTAACAAGCAGTCTGCGCATTATATTGATGACAGTGAGTTATCAGAGATGTTTGATAAAGTGTTGCTTCAAGTTGAACCTGTGGACAATGAAGCACGCAAGGCCTTGCAGCCTGTGGATTCTAATGCCAGTAGCGGAAAAGGTCGTGGCAAGAAGCAAAACAAGAAGAGTGAAACTGTGGATTTGAGATTCCTTTTAATTTCGTGCGCACAAGCTGTGTCCAGTGATGATAGAAGGACTGCATATGAGCTTCTAAAGAAGATTAGGCAGCATTCATCTCCTAATGGAGATGGATCCCAGAGGTTGGCCTATTATTTTGCCAATGGCCTTGATGCGCGTTTGGCTGGAACTGGAAATGGAACTGGAACTGGAGCCGTGTTATTTGGTTCTTTACTTGCCAGGGTGAAAGCTTCTGACCTTTTGAAAGCATTCCACCTTAATCTTTCTTCCTGTCCTTTCAAGAAATTTGGCATGTTCTTTGCAAACAAGATGTTCCTGCAGGTGGCTGAGAAAGCAACAACACTTCACATCGTTGATTTTGGCATCCTATATGGTTTTCAGTGGCCAATCTTCATCCAGCATCTCTCAAGAAGAGATGGTGGGCCTCCTAATCTGCGCATTACAGGGATAGAGTTCCCTCAAAATGGTTTTCGGCCAAAAGAGAGAATTGAAGAGACAGGGCGGCGCTTAGCCAAGTACTGCGAACGGTTTGGTGTGCCTTTCAGGTACAATGCCATAGTAGTAACGAAATGGGAGACAATCCGCGTTGAGGACATAAAGATTGAAAGCAACGAAGTTGTTGCTGTGAATTGTTTGTTGCGGTTAAAAAACGTACTAGAAGAAACTGTTGAAAACTGCCCAAGAGATGCTGTTCTGAGACTAATCAGGAAGTTGAATCCAGCCATTTTTGTTCATAACATTGTCAATGGATCGTACAATGCTCCATTTTTTGTCACTCGTTTTCGTGAAGCGCTCTTCCATTTCTCTGCCTTGTTTGACATGTTGGATACCATTATAGCCCGCCAAAACGAAGAGAGGTTGCTGTATGAAAGAAAATTATTTGGCCAGGAGATTTTGAATGTGATAGCATGTGAAGAAGAAAAGAGAATGGAGAGGCCTGAGACTTACAAGCAGTGGCAAGTTCGGTGCTTGAGAGCCGGTTTTCGGTCACTCCCTCTCAGCAAAGAGTTAATGAGTAAATTTAAAGAGAAGTTGAGAACATGGTACCACAAGGATTTTGAAATTGATGAAGATAGCAACTGGATGCTTCAGGGATGGAAAGGAAGGATTGTTTTTGCTACTTCATGTTGGGTCAGTGCGGAGGGACCTTACTCAAATTAAGCTTAGAGACCGCTT
ind_0013	PK07387.1	9	1633	AATGCGGTCTCTAATGGCTAGTCATAGAGTTGTAGAGACAACAACAGGTTTATCAGATTCAGGGCCATATGGAGTTTTTCATCATAACATGAATATTAATACTCCTTCAACTAGCTTCATTAATCAAGATGGGTCATCAGCTTTTGATTTTGGTGAGCTTGAACAAGCAATTGCTCTTCAAGGAGTTAAAATAAGTGGTGGAAATGATCACCATCATCATGAAGTTAATAATAATAATAATAATAAAACAACTTTATTCACAACAAGCAGTAGTAACACTAACAACAACAACAACAACAACAGACCTGCAGCTACTCTGGAAATGTTCCCTTCATGGCCAATGAGATATCACCAAACCCCAAGAGCAAGTTCAAAATCTGGTGGTGGTGGTGATGATAGTACAGATAATTCAGGCTCAGCCAAAGCTGATCAAACCCAATTGGAATCTGAATCTCCTCTTAGTAACAACAACATTAATAATATCATTAATCATAATCAAAAAAACCAACCTAGTTTTGATTATGATCACCAACAACAACAACAACAACAACTCCAAGAAAATAACTCATCAAAACTTCAGTCATCAAATTCCAAACACACACAAGAAAAGAGAAAGGGAGCTGGTTCAACTTCAGAGAAGCCACTTGATGCCAAGACTTTGAGAAGGTTAGCTCAAAATAGAGAGGCTGCAAGGAAAAGCCGTCTGAGAAAAAAGGCTTATGTACAACAATTAGAGTCAAGTAGAATTAAGCTTACTCAACTTGAACAAGATCTTCAAAGAGCTCGAGCACAGGGATTATTTTTGGGTGCTTGCGGTGGTGCTTCCGGCAATATCAGTCCAGGTGCTGCAATATTTGATATGGAGTATGGAAGGTGGCTAGAAGATGACCAACGTCATATGACTGAGTTAAGAACAAGCCTTCAGGCACATTTGCCTGAAGGCGATCTTCGTATGATCATTGACGGTTACATCTCACATTATGATGAGATATTTCGGTTGAAAGCCGTGGCAGCCAAGTCTGATGTCTTCCACCTCATCACTGGAATGTGGACCACCCCGGCCGAGCGCTGCTTCCTTTGGATGGGCGGGTTTAGACCCTCAGACCTCATCAAGATGTTGATAGCACAATTAGACCCGTTAACTGATCAACAGCTAATGGGGATATACAGTCTCCAACAATCATCACAACAGGCCGAGGAAGCTCTGTCGCAAGGACTGGAACAATTGCAACAGTCCCTCGTTGATACCATTGCCGGGAGTCCCGTAATCGTCGATGGTATGCAACAAATGGCTGTTGCCCTAGGCAAACTTTCCAACCTAGAAGGCTTTGTTCGTCAGGCTGATAATTTGAGACAACAAACACTTCATCAGTTGAGAAGAACATTAACAGTGAGACAAGCAGCCAGATGTTTTGTAGTGATTGGAGAATACTATGGTCGTTTAAGGGCTCTAAGTTCTCTTTGGGCTTCTAGACCAAGAGACACCAACAATAATATTAATCAGAGCATGGTGGTTAATGATGATACGACGTCGTGTCAAACTACAACAGATTTACAAATGGTTCATCATCAACATCCACATGATCCCCATCATCATCATCATTTCTCTTCCTTTTAAGCTTAGAGACCGCTT
ind_0014	PK20504.2	7	1135	AATGCGGTCTCTAATGGATTTTTCAGATTCTACCAGAGTAGTATTTTCTAGAATTCGAGAATTGGAGCCAGAACATGTGACCAAGATTATTGGCTATCTTCTGCTTCAAGACAATGGGGATCGTGAGATGATCCGGCTGGCTTTTGGCCCAGATAACTTGATACAGTCTTTAGTCAACAAAGCGAAAACAGAGCTGGGATTGTCGAAGCCATCGCCTAGTTCGCCTTCTCAGGCTAATCAACAACCTGTTCTGGACCATTCTTTGCACTTCAGTTCCTACACTCCTGCTTCAGCAAGGGTTGCTTTCACTCCACCAACTCTCATAACTCAGAGTCCTTACTGGGATCACCAACTGTCTGCGGAGCATAAATTATTTCGTAATGCTGAGCTGCAGCCACTGTATCCTGACTCTGTGGCTGCTGAAGATTTTCATCTTCAAAACCAACTGCAGTTTTTAAGATTGGATGATCCACTGGAATCTGCTAGCTCTGTTAGTGCAGACCAAGTTAGCAGTTACTACTACACTGAGCCTACATTGGGTTTGAGGCAGAGTCGAAGGTCGCCAAGCTTGCCTGAACTTCCTGTTAAGACTTGTCATTATTTCAACAAGGGGTTTTGTAAGCATGGAAGCAACTGTAAGTACTATCATGGCCAACACTCGCCAGATAGCTTTCTTCATCATCATGTATTCTCTGACTATACCAATGATGACCATGCTATCTCTCCTGGCTCTCTTGAGAAGCTGGAGATGGAGATAACCGAGCTTCTGAGATCGAGGCGGGGGTGCCCCGTATCTATTGCCTCTTTGCCAATGATGTATTATGAGAAGTATGGGAGGTCACTTCAGGCTGAAGGATATCTTACAGAAAGCCAAAGGCATGGTAAGACAGGTTACAGCCTTACAAAACTCCTAGCTCGGTTGAAGAACAGTATTCGACTCCTTGATAGGCCTCATGGTCAGCATTCAGTCATATTGGCAGAAGATGCTCCTAGATATCTAGAGCATGGTGGTGACAAAAATGAATCTGGTGGAATTGTTTCTGGTTCTCGACAGATTTATCTTACTTTTCCTGCTGAGAGTACCTTCACAGAGCAAGATGTCTCTAATTATTTCTGGTAAGCTTAGAGACCGCTT
ind_0015	PK08266.1	4	694	AATGCGGTCTCTAATGTTACCTTTATTTTGCAGAAGCTACTACCGATGTACTTTTCGCAACACACAGAGTTGTTGGGCCACAAAGCAAGTGCAAAGAACAGATGAAGATCCTTTCCTTTTCGAGATTACATACAGAGGAACACACAGTTGTTCACAGGCGAGTAACTCGGTTCAGCCACCTAAATCACCTGAAAAGAAAGATCAGAAACCGAACAATCAAAACATGATTCCTCAACAGCAACAGTTTGAACAATTCAACCCCAAGTTTCAATCTAACTTGAGGGTAATAACAGATGAATTGGGACACAGAGAAGTGATGGAATCTCCCTTCTCTTTTCCTTCAAGTTCATTTGGATGTATGAATGTGAAGAATGAAGATAGCTTTACACCTTTGATGTTAGACAATGAAACTTTCTTGGGAGGCTTCTCTCAATCATTTATATCTCCAGCAACTCCTGAATCAAACTACTACCAGATTTCGCCGTTCCAGATAAACAGTCCTACAGCTTTTCATAACGTTCAACAACAACGGTCTGAATCTGATCATACCGAGATTATCTCAGCCAACAATTCAGTAACCAATTCTCCTATTCCAGAAATGAATTTCTCACTTGATCCAATGAACAATGACCCGAATTTCCCATTGACACTCCTGGACTTTACTCTTGATTCAATTTAAGCTTAGAGACCGCTT
ind_0016	PK07904.1	14	2428	AATGCGGTCTCTAATGGAAATTGATCTGAACCATGTAGTGGCTGAGGTGGAGAAAAATACATTATGTAATGGAGATTGTGAAAAGGGTAGTAGCAGTTGTGTTTGTTGTTTGTCATCTTCAACTTCTTCATGTTCTTCCAATTCATCTTCAGCTCCTGTAACTTCTTCAATCTATTTGGAGCTATGGCATGCCTGTGCTGGTCCTCTCACTTCACTACCTAAGAAAGGGAATGTAGTTGTGTATTTCCCACAAGGCCACTTAGAACAGGTTGCTCCTTTTTCATCTTTGGATTTGCCCACTTTTGACCTCAAACCACAGATCTTCTGCAAAGTTATCAATGTTCAACTACTTGCTAATAAGGAGAATGATGAGGTGTATACTCATGTCACTTTGCTTCCTCAACCTGAGTTGGTAGGAGTGAAACAAGAAGGGAAAGAGGTTGAAGAGTTGGGAGGAGATGAGGGCATTGCAGGGTCACCTACTAAATCAACCCCTCATATGTTTTGCAAGACTCTAACAGCTTCTGATACCAGTACACATGGCGGGTTCTCGGTTCCTCGAAGAGCTGCAGAGGACTGTTTTCCTCCACTGGATTATAAGCAGAGAAGGCCCTCCCAAGAACTTGTCGCGAAAGATCTGCACGGGGTAGAGTGGAGATTTCGACATATTTATAGAGGTCAGCCTAGGAGACATCTACTGACTACCGGATGGAGTATTTTCGTGAATCAAAAGAATCTAGTTTCAGGGGATGCAGTGCTCTTTCTGAGGGGTGAAAATGGAGAGCTAAGATTGGGAATTAGGAGATCTGTTCGGCCGAGGAATGGTCTTCCTGATTCAATTGTTCGCAACCAGAATTCTTATCCTAATGTTCTTTCACTAGTGGCTAATGCAGTCTCCACCAAGAGCATGTTTCATGTTTTCTACAGTCCAAGGGCAACTCATGCAGAATTTGTCATTCCTTACCAAAAGTTTGTGAAGAGCGTCACAAATCCAGTGGCGATCGGGACTAGATTCAAAACAAGATTTGACATGGAAGATTCACCAGAAAGAAGATGTAGCGGTGTAGTGACTGGAATTTGTGACTTGGATCCCTATAGATGGGCAAATTCAAAATGGAGATGCTTGATGGTTAGGTGGGATGAAGACATTGGGAATAGTCATCAAGAGCGAATTTCTCCATGGGAGATCGATCCTTCTGTTTCTCTCCCGCCTTTGAGCATTCAGTCTTCCCCGAGATTGAAGAAAATGCGGACAAGTCTGCAGTCAAACCCGCCCAGCAATCCCTTAATCGTAGGAGGGGGTGGGTTTTTGGACTTTGAGGAGTCAGTTAGATCCTCTAAGGTCTTGCAAGGTCAAGAAAATATCGGTTTCGTATCACCCTTTTACGGTCGTGATACTGTAAACCACCCGCTAGATTTTGAGATGCATTCTTCAGCTCATCAGAGTCTAGCAGCATTGAACACAACAAAAAAATCAACTATGAATGAGTTCATGAGAACTCAACCCACCACTTACACAGGCTTTGCGGAATCTAGTAGATTTCCGAAGGTCTTGCAAGGTCAAGAAATTTGCCAATTAAGGTCCCTAACAGGAAAATCCAACTTCAATCTTGGAGCTTGGGGAAATTCCTCTCTCGGCAGCTGCACATCTTTCAACTCATATCAAGCAGCCAAGCCCAATTTTTACTCGATGGCATCGGAACCTTTACAAACCACATATTTTCCTTTCGGTGACATTCGCAGAGCCGGGTCTAACCCTAGCATTCGTTCGAATGTTACCACTTTTCCTCGCGAGAATGTCAACATTAGTCCGTACACTATTCAGACTGGGATTGTAAGGAATGAAGTTGGGATACCAAATACACCGAACGAGCTTAAGCCACAAGAAAGCAATTCTGCGCTTCCTCTTCCCACTTTAGAAACTAATCTAAGAAACCCGAAAGATGACAGTTTTGGTGGGAGCGTTACTAGCTGCAAGCTTTTCGGTTTTTCCTTGACAGGAGAAACTACCACACCGAACTCTCAGAGTTCCAATAAGAGAAGTTGCACCAAGGTTCACAAGCAAGGCAGTTTAGTTGGGAGAGCCATTGACCTCTCGAAACTCAATGGCTACGGTGAATTGCTGAGTGAACTAGAGTGGTTATTTAACATGGAAGGCCTACTAAAAGACCCTGATAAAGGTTGGAGGATCTTGTATACCGACAGTGAGAATGATGTGATGGTTGTTGGAGATGATCCATGGCACGAGTTCTGCAATGTCGTTTCGAAGATCCACATACATACCCGAGAAGAAGTGGAGAAGATGTCGTTTGGGGTGACTAGTGATGATCAAAGCTGTTTGGAGCAAGCTCCAGTTTCGAAATCTTCATCGGTCGGCCAGCCGGACTCTTCTCCAACTGTTATCAGGGTTTAAGCTTAGAGACCGCTT
